# reference: resvg 0.45.1 at 150 dpi on white; external PNGs as written by scripts/svg-compat.ps1; comparator: shift 1 px, value tol 2/255, tile 32 px, budget 8 px, conflation ink 96/255 within 2 px (excusal on the external side)
sample	renderer	size_external	size_resvg	defect_px	worst_tile	failing_tiles	verdict
corpus-00-polyline_with_pen-up	chromium	1755×1241	1754×1241	0	(54, 38, 0)	0	ok
corpus-00-polyline_with_pen-up	inkscape	1754×1240	1754×1241	0	(54, 38, 0)	0	ok
corpus-00-polyline_with_pen-up	rsvg	1754×1240	1754×1241	0	(54, 38, 0)	0	ok
corpus-01-rotation___scale___clip	chromium	1755×1241	1754×1241	0	(54, 38, 0)	0	ok
corpus-01-rotation___scale___clip	inkscape	1754×1240	1754×1241	0	(54, 38, 0)	0	ok
corpus-01-rotation___scale___clip	rsvg	1754×1240	1754×1241	0	(54, 38, 0)	0	ok
corpus-02-rotation___scale___clip	chromium	1241×1755	1241×1754	1	(31, 39, 1)	0	ok
corpus-02-rotation___scale___clip	inkscape	1240×1754	1241×1754	0	(38, 54, 0)	0	ok
corpus-02-rotation___scale___clip	rsvg	1240×1754	1241×1754	0	(38, 54, 0)	0	ok
corpus-03-rotation___scale___clip	chromium	1755×1241	1754×1241	0	(54, 38, 0)	0	ok
corpus-03-rotation___scale___clip	inkscape	1754×1240	1754×1241	1	(54, 0, 1)	0	ok
corpus-03-rotation___scale___clip	rsvg	1754×1240	1754×1241	1	(54, 0, 1)	0	ok
corpus-04-rotation___scale___clip	chromium	1241×1755	1241×1754	1	(7, 15, 1)	0	ok
corpus-04-rotation___scale___clip	inkscape	1240×1754	1241×1754	0	(38, 54, 0)	0	ok
corpus-04-rotation___scale___clip	rsvg	1240×1754	1241×1754	0	(38, 54, 0)	0	ok
corpus-05-dash_patterns	chromium	1755×1241	1754×1241	182	(0, 36, 27)	9	FAIL
corpus-05-dash_patterns	inkscape	1754×1240	1754×1241	177	(0, 36, 26)	9	FAIL
corpus-05-dash_patterns	rsvg	1754×1240	1754×1241	177	(0, 36, 26)	9	FAIL
corpus-06-pen_widths	chromium	1755×1241	1754×1241	0	(54, 38, 0)	0	ok
corpus-06-pen_widths	inkscape	1754×1240	1754×1241	0	(54, 38, 0)	0	ok
corpus-06-pen_widths	rsvg	1754×1240	1754×1241	0	(54, 38, 0)	0	ok
corpus-07-pen_widths	chromium	1755×1241	1754×1241	0	(54, 38, 0)	0	ok
corpus-07-pen_widths	inkscape	1754×1240	1754×1241	0	(54, 38, 0)	0	ok
corpus-07-pen_widths	rsvg	1754×1240	1754×1241	0	(54, 38, 0)	0	ok
corpus-08-pen_widths	chromium	1755×1241	1754×1241	1	(9, 36, 1)	0	ok
corpus-08-pen_widths	inkscape	1754×1240	1754×1241	585	(17, 36, 32)	19	FAIL
corpus-08-pen_widths	rsvg	1754×1240	1754×1241	585	(17, 36, 32)	19	FAIL
corpus-09-colour_adaptation	chromium	1755×1241	1754×1241	175	(4, 36, 32)	6	FAIL
corpus-09-colour_adaptation	inkscape	1754×1240	1754×1241	175	(4, 36, 32)	6	FAIL
corpus-09-colour_adaptation	rsvg	1754×1240	1754×1241	175	(4, 36, 32)	6	FAIL
corpus-10-colour_adaptation__transparency_on	chromium	1755×1241	1754×1241	175	(4, 36, 32)	6	FAIL
corpus-10-colour_adaptation__transparency_on	inkscape	1754×1240	1754×1241	175	(4, 36, 32)	6	FAIL
corpus-10-colour_adaptation__transparency_on	rsvg	1754×1240	1754×1241	175	(4, 36, 32)	6	FAIL
corpus-11-viewport_hatch_dots	chromium	1755×1241	1754×1241	1	(1, 37, 1)	0	ok
corpus-11-viewport_hatch_dots	inkscape	1754×1240	1754×1241	1	(1, 37, 1)	0	ok
corpus-11-viewport_hatch_dots	rsvg	1754×1240	1754×1241	1	(1, 37, 1)	0	ok
corpus-12-wire_fills	chromium	1755×1241	1754×1241	0	(54, 38, 0)	0	ok
corpus-12-wire_fills	inkscape	1754×1240	1754×1241	0	(54, 38, 0)	0	ok
corpus-12-wire_fills	rsvg	1754×1240	1754×1241	0	(54, 38, 0)	0	ok
corpus-13-hatches	chromium	1755×1241	1754×1241	0	(54, 38, 0)	0	ok
corpus-13-hatches	inkscape	1754×1240	1754×1241	0	(54, 38, 0)	0	ok
corpus-13-hatches	rsvg	1754×1240	1754×1241	0	(54, 38, 0)	0	ok
corpus-14-hatches__merge_lines	chromium	1755×1241	1754×1241	600	(0, 38, 384)	2	FAIL
corpus-14-hatches__merge_lines	inkscape	1754×1240	1754×1241	600	(0, 38, 384)	2	FAIL
corpus-14-hatches__merge_lines	rsvg	1754×1240	1754×1241	625	(0, 38, 400)	2	FAIL
corpus-15-ctb	chromium	1755×1241	1754×1241	1057	(1, 31, 40)	36	FAIL
corpus-15-ctb	inkscape	1754×1240	1754×1241	1034	(11, 29, 54)	37	FAIL
corpus-15-ctb	rsvg	1754×1240	1754×1241	1032	(11, 29, 54)	37	FAIL
corpus-16-ctb__scale_lineweights	chromium	1755×1241	1754×1241	793	(8, 34, 50)	29	FAIL
corpus-16-ctb__scale_lineweights	inkscape	1754×1240	1754×1241	1104	(8, 34, 100)	35	FAIL
corpus-16-ctb__scale_lineweights	rsvg	1754×1240	1754×1241	1072	(8, 34, 100)	34	FAIL
corpus-17-text	chromium	1755×1241	1754×1241	0	(54, 38, 0)	0	ok
corpus-17-text	inkscape	1754×1240	1754×1241	0	(54, 38, 0)	0	ok
corpus-17-text	rsvg	1754×1240	1754×1241	0	(54, 38, 0)	0	ok
corpus-18-two_groups	chromium	1755×1241	1754×1241	57	(0, 35, 30)	2	FAIL
corpus-18-two_groups	inkscape	1754×1240	1754×1241	57	(0, 35, 30)	2	FAIL
corpus-18-two_groups	rsvg	1754×1240	1754×1241	60	(0, 35, 30)	2	FAIL
corpus-19-two_groups__splits_past_the_end	chromium	1755×1241	1754×1241	57	(0, 35, 30)	2	FAIL
corpus-19-two_groups__splits_past_the_end	inkscape	1754×1240	1754×1241	57	(0, 35, 30)	2	FAIL
corpus-19-two_groups__splits_past_the_end	rsvg	1754×1240	1754×1241	60	(0, 35, 30)	2	FAIL
corpus-20-two_groups__ctb_cap_across_the_split	chromium	1755×1241	1754×1241	0	(54, 38, 0)	0	ok
corpus-20-two_groups__ctb_cap_across_the_split	inkscape	1754×1240	1754×1241	0	(54, 38, 0)	0	ok
corpus-20-two_groups__ctb_cap_across_the_split	rsvg	1754×1240	1754×1241	0	(54, 38, 0)	0	ok
corpus-21-empty_page	chromium	1755×1241	1754×1241	0	(54, 38, 0)	0	ok
corpus-21-empty_page	inkscape	1754×1240	1754×1241	0	(54, 38, 0)	0	ok
corpus-21-empty_page	rsvg	1754×1240	1754×1241	0	(54, 38, 0)	0	ok
merge-lines-minimal-drops	chromium	1755×1241	1754×1241	600	(0, 38, 384)	2	FAIL
merge-lines-minimal-drops	inkscape	1754×1240	1754×1241	600	(0, 38, 384)	2	FAIL
merge-lines-minimal-drops	rsvg	1754×1240	1754×1241	625	(0, 38, 400)	2	FAIL
merge-lines-minimal-renders	chromium	1755×1241	1754×1241	0	(54, 38, 0)	0	ok
merge-lines-minimal-renders	inkscape	1754×1240	1754×1241	0	(54, 38, 0)	0	ok
merge-lines-minimal-renders	rsvg	1754×1240	1754×1241	0	(54, 38, 0)	0	ok
real-FF02-06	chromium	4967×3509	4967×3508	6448	(126, 14, 49)	178	FAIL
real-FF02-06	inkscape	4967×3508	4967×3508	14907	(151, 106, 44)	461	FAIL
real-FF02-06	rsvg	4967×3508	4967×3508	14913	(151, 106, 44)	462	FAIL
real-SP02-05	chromium	4967×3509	4967×3508	26448	(149, 62, 92)	904	FAIL
real-SP02-05	inkscape	4967×3508	4967×3508	26520	(92, 60, 90)	925	FAIL
real-SP02-05	rsvg	4967×3508	4967×3508	29101	(132, 56, 85)	1010	FAIL
real-WS02-05	chromium	4967×3509	4967×3508	6076	(151, 106, 32)	171	FAIL
real-WS02-05	inkscape	4967×3508	4967×3508	15301	(130, 106, 58)	479	FAIL
real-WS02-05	rsvg	4967×3508	4967×3508	15267	(130, 106, 55)	478	FAIL
