# reference: resvg 0.45.1 at 600 dpi on white; external PNGs as written by scripts/svg-compat.ps1; comparator: shift 1 px, value tol 2/255, tile 32 px, budget 8 px, conflation ink 96/255 within 2 px (excusal on the external side)
sample	renderer	size_external	size_resvg	defect_px	worst_tile	failing_tiles	verdict
corpus-00-polyline_with_pen-up	chromium	7016×4961	7016×4961	0	(219, 155, 0)	0	ok
corpus-00-polyline_with_pen-up	inkscape	7016×4961	7016×4961	0	(219, 155, 0)	0	ok
corpus-00-polyline_with_pen-up	rsvg	7016×4961	7016×4961	0	(219, 155, 0)	0	ok
corpus-01-rotation___scale___clip	chromium	7016×4961	7016×4961	0	(219, 155, 0)	0	ok
corpus-01-rotation___scale___clip	inkscape	7016×4961	7016×4961	0	(219, 155, 0)	0	ok
corpus-01-rotation___scale___clip	rsvg	7016×4961	7016×4961	0	(219, 155, 0)	0	ok
corpus-02-rotation___scale___clip	chromium	4961×7016	4961×7016	0	(155, 219, 0)	0	ok
corpus-02-rotation___scale___clip	inkscape	4961×7016	4961×7016	0	(155, 219, 0)	0	ok
corpus-02-rotation___scale___clip	rsvg	4961×7016	4961×7016	0	(155, 219, 0)	0	ok
corpus-03-rotation___scale___clip	chromium	7016×4961	7016×4961	0	(219, 155, 0)	0	ok
corpus-03-rotation___scale___clip	inkscape	7016×4961	7016×4961	0	(219, 155, 0)	0	ok
corpus-03-rotation___scale___clip	rsvg	7016×4961	7016×4961	0	(219, 155, 0)	0	ok
corpus-04-rotation___scale___clip	chromium	4961×7016	4961×7016	0	(155, 219, 0)	0	ok
corpus-04-rotation___scale___clip	inkscape	4961×7016	4961×7016	0	(155, 219, 0)	0	ok
corpus-04-rotation___scale___clip	rsvg	4961×7016	4961×7016	0	(155, 219, 0)	0	ok
corpus-05-dash_patterns	chromium	7016×4961	7016×4961	0	(219, 155, 0)	0	ok
corpus-05-dash_patterns	inkscape	7016×4961	7016×4961	0	(219, 155, 0)	0	ok
corpus-05-dash_patterns	rsvg	7016×4961	7016×4961	0	(219, 155, 0)	0	ok
corpus-06-pen_widths	chromium	7016×4961	7016×4961	0	(219, 155, 0)	0	ok
corpus-06-pen_widths	inkscape	7016×4961	7016×4961	0	(219, 155, 0)	0	ok
corpus-06-pen_widths	rsvg	7016×4961	7016×4961	0	(219, 155, 0)	0	ok
corpus-07-pen_widths	chromium	7016×4961	7016×4961	0	(219, 155, 0)	0	ok
corpus-07-pen_widths	inkscape	7016×4961	7016×4961	0	(219, 155, 0)	0	ok
corpus-07-pen_widths	rsvg	7016×4961	7016×4961	0	(219, 155, 0)	0	ok
corpus-08-pen_widths	chromium	7016×4961	7016×4961	0	(219, 155, 0)	0	ok
corpus-08-pen_widths	inkscape	7016×4961	7016×4961	0	(219, 155, 0)	0	ok
corpus-08-pen_widths	rsvg	7016×4961	7016×4961	0	(219, 155, 0)	0	ok
corpus-09-colour_adaptation	chromium	7016×4961	7016×4961	0	(219, 155, 0)	0	ok
corpus-09-colour_adaptation	inkscape	7016×4961	7016×4961	0	(219, 155, 0)	0	ok
corpus-09-colour_adaptation	rsvg	7016×4961	7016×4961	0	(219, 155, 0)	0	ok
corpus-10-colour_adaptation__transparency_on	chromium	7016×4961	7016×4961	0	(219, 155, 0)	0	ok
corpus-10-colour_adaptation__transparency_on	inkscape	7016×4961	7016×4961	0	(219, 155, 0)	0	ok
corpus-10-colour_adaptation__transparency_on	rsvg	7016×4961	7016×4961	0	(219, 155, 0)	0	ok
corpus-11-viewport_hatch_dots	chromium	7016×4961	7016×4961	0	(219, 155, 0)	0	ok
corpus-11-viewport_hatch_dots	inkscape	7016×4961	7016×4961	0	(219, 155, 0)	0	ok
corpus-11-viewport_hatch_dots	rsvg	7016×4961	7016×4961	0	(219, 155, 0)	0	ok
corpus-12-wire_fills	chromium	7016×4961	7016×4961	0	(219, 155, 0)	0	ok
corpus-12-wire_fills	inkscape	7016×4961	7016×4961	0	(219, 155, 0)	0	ok
corpus-12-wire_fills	rsvg	7016×4961	7016×4961	0	(219, 155, 0)	0	ok
corpus-13-hatches	chromium	7016×4961	7016×4961	0	(219, 155, 0)	0	ok
corpus-13-hatches	inkscape	7016×4961	7016×4961	0	(219, 155, 0)	0	ok
corpus-13-hatches	rsvg	7016×4961	7016×4961	0	(219, 155, 0)	0	ok
corpus-14-hatches__merge_lines	chromium	7016×4961	7016×4961	9119	(2, 152, 1024)	15	FAIL
corpus-14-hatches__merge_lines	inkscape	7016×4961	7016×4961	9119	(2, 152, 1024)	15	FAIL
corpus-14-hatches__merge_lines	rsvg	7016×4961	7016×4961	9214	(2, 152, 1024)	15	FAIL
corpus-15-ctb	chromium	7016×4961	7016×4961	0	(219, 155, 0)	0	ok
corpus-15-ctb	inkscape	7016×4961	7016×4961	1	(14, 99, 1)	0	ok
corpus-15-ctb	rsvg	7016×4961	7016×4961	1	(14, 99, 1)	0	ok
corpus-16-ctb__scale_lineweights	chromium	7016×4961	7016×4961	1	(7, 127, 1)	0	ok
corpus-16-ctb__scale_lineweights	inkscape	7016×4961	7016×4961	1	(7, 127, 1)	0	ok
corpus-16-ctb__scale_lineweights	rsvg	7016×4961	7016×4961	1	(7, 127, 1)	0	ok
corpus-17-text	chromium	7016×4961	7016×4961	0	(219, 155, 0)	0	ok
corpus-17-text	inkscape	7016×4961	7016×4961	0	(219, 155, 0)	0	ok
corpus-17-text	rsvg	7016×4961	7016×4961	0	(219, 155, 0)	0	ok
corpus-18-two_groups	chromium	7016×4961	7016×4961	0	(219, 155, 0)	0	ok
corpus-18-two_groups	inkscape	7016×4961	7016×4961	0	(219, 155, 0)	0	ok
corpus-18-two_groups	rsvg	7016×4961	7016×4961	0	(219, 155, 0)	0	ok
corpus-19-two_groups__splits_past_the_end	chromium	7016×4961	7016×4961	0	(219, 155, 0)	0	ok
corpus-19-two_groups__splits_past_the_end	inkscape	7016×4961	7016×4961	0	(219, 155, 0)	0	ok
corpus-19-two_groups__splits_past_the_end	rsvg	7016×4961	7016×4961	0	(219, 155, 0)	0	ok
corpus-20-two_groups__ctb_cap_across_the_split	chromium	7016×4961	7016×4961	0	(219, 155, 0)	0	ok
corpus-20-two_groups__ctb_cap_across_the_split	inkscape	7016×4961	7016×4961	0	(219, 155, 0)	0	ok
corpus-20-two_groups__ctb_cap_across_the_split	rsvg	7016×4961	7016×4961	0	(219, 155, 0)	0	ok
corpus-21-empty_page	chromium	7016×4961	7016×4961	0	(219, 155, 0)	0	ok
corpus-21-empty_page	inkscape	7016×4961	7016×4961	0	(219, 155, 0)	0	ok
corpus-21-empty_page	rsvg	7016×4961	7016×4961	0	(219, 155, 0)	0	ok
merge-lines-minimal-drops	chromium	7016×4961	7016×4961	9119	(2, 152, 1024)	15	FAIL
merge-lines-minimal-drops	inkscape	7016×4961	7016×4961	9119	(2, 152, 1024)	15	FAIL
merge-lines-minimal-drops	rsvg	7016×4961	7016×4961	9214	(2, 152, 1024)	15	FAIL
merge-lines-minimal-renders	chromium	7016×4961	7016×4961	0	(219, 155, 0)	0	ok
merge-lines-minimal-renders	inkscape	7016×4961	7016×4961	0	(219, 155, 0)	0	ok
merge-lines-minimal-renders	rsvg	7016×4961	7016×4961	0	(219, 155, 0)	0	ok
